Latitude,Longitude,Time Stamp(s),Yaw(degrees),Pitch(degrees),Roll(degrees)
34.10655717,-117.7122757,1369000,99.20166378,-0.6875,-2.3125
34.10655717,-117.7122757,1369000,99.04779608,-0.6875,-2.3125
34.10655717,-117.7122757,1369000,99.84242753,-0.6875,-2.3125
34.10655717,-117.7122757,1369000,100.8324177,-0.6875,-2.3125
34.10655717,-117.7122757,1369000,97.33902306,-0.6875,-2.3125
34.10655717,-117.7122757,1369000,98.75457588,-0.6875,-2.3125
34.10655717,-117.7122757,1369000,100.4903106,-0.6875,-2.3125
34.10655717,-117.7122757,1369000,98.31884187,-0.6875,-2.3125
34.10655717,-117.7122757,1369000,101.9598329,-0.6875,-2.3125
34.10655717,-117.7122757,1369000,98.21034661,-0.6875,-2.3125
34.10655717,-117.7122757,1369000,97.9664881,-0.6875,-2.3125
34.10655717,-117.7122757,1369000,98.27297916,-0.6875,-2.3125
34.10655717,-117.7122757,1369000,98.09135816,-0.6875,-2.3125
34.10655717,-117.7122757,1369000,99.62489365,-0.6875,-2.3125
34.10655733,-117.712273,1370000,98.02464204,-0.6875,-2.3125
34.10655733,-117.712273,1370000,97.93969737,-0.6875,-2.3125
34.10655733,-117.712273,1370000,99.02764917,-0.6875,-2.3125
34.10655733,-117.712273,1370000,100.093656,-0.6875,-2.3125
34.10655733,-117.712273,1370000,99.82742626,-0.6875,-2.3125
34.10655733,-117.712273,1370000,99.36964253,-0.6875,-2.3125
34.10655733,-117.712273,1370000,99.86944342,-0.6875,-2.3125
34.10655733,-117.712273,1370000,97.43843405,-0.6875,-2.3125
34.10655733,-117.712273,1370000,99.51248213,-0.6875,-2.3125
34.10655733,-117.712273,1370000,99.08611079,-0.6875,-2.3125
34.10655733,-117.712273,1370000,99.61287923,-0.6875,-2.3125
34.10655733,-117.712273,1370000,99.63810388,-0.6875,-2.3125
34.10655733,-117.712273,1370000,99.22553228,-0.6875,-2.3125
34.10655733,-117.712273,1370000,95.571647,-0.6875,-2.3125
34.10655733,-117.712273,1370000,100.7192099,-0.6875,-2.3125
34.10655733,-117.712273,1370000,96.67567471,-0.6875,-2.3125
34.10655733,-117.712273,1370000,96.80172396,-0.6875,-2.3125
34.10655733,-117.712273,1370000,99.78644113,-0.6875,-2.3125
34.10655733,-117.712273,1370000,97.98623841,-0.6875,-2.3125
34.10655733,-117.712273,1370000,97.24171326,-0.6875,-2.3125
34.10655733,-117.712273,1370000,100.7910517,-0.6875,-2.3125
34.10655733,-117.712273,1370000,96.20805697,-0.6875,-2.3125
34.10655733,-117.712273,1370000,99.74138389,-0.6875,-2.3125
34.10655733,-117.712273,1370000,97.92305612,-0.6875,-2.3125
34.10655733,-117.712273,1370000,97.87637924,-0.6875,-2.3125
34.10655733,-117.712273,1370000,100.1476389,-0.6875,-2.3125
34.10655733,-117.712273,1370000,100.2751984,-0.6875,-2.3125
34.10655733,-117.712273,1370000,100.6541441,-0.6875,-2.3125
34.10655733,-117.712273,1370000,97.27463722,-0.6875,-2.3125
34.10655733,-117.712273,1370000,100.1264581,-0.6875,-2.3125
34.10655733,-117.712273,1370000,97.66247842,-0.6875,-2.3125
34.10655733,-117.712273,1370000,98.12484457,-0.6875,-2.3125
34.10655733,-117.712273,1370000,98.04691626,-0.6875,-2.3125
34.10655733,-117.712273,1370000,99.32048605,-0.6875,-2.3125
34.10655733,-117.712273,1370000,98.07164892,-0.6875,-2.3125
34.10655733,-117.712273,1370000,98.53743382,-0.6875,-2.3125
34.10655733,-117.712273,1370000,98.1327703,-0.6875,-2.3125
34.10655733,-117.712273,1370000,97.88153681,-0.6875,-2.3125
34.10655917,-117.712272,1371000,101.3838674,-0.6875,-2.3125
34.10655917,-117.712272,1371000,100.5478038,-0.6875,-2.3125
34.10655917,-117.712272,1371000,97.87523018,-0.6875,-2.3125
34.10655917,-117.712272,1371000,99.69648531,-0.6875,-2.3125
34.10655917,-117.712272,1371000,98.09772789,-0.6875,-2.3125
34.10655917,-117.712272,1371000,97.94562105,-0.6875,-2.3125
34.10655917,-117.712272,1371000,97.56674249,-0.6875,-2.3125
34.10655917,-117.712272,1371000,98.6938816,-0.6875,-2.3125
34.10655917,-117.712272,1371000,97.97976943,-0.6875,-2.3125
34.10655917,-117.712272,1371000,100.5890875,-0.6875,-2.3125
34.10655917,-117.712272,1371000,99.57909324,-0.6875,-2.3125
34.10655917,-117.712272,1371000,96.02970515,-0.6875,-2.3125
34.10655917,-117.712272,1371000,99.42419829,-0.6875,-2.3125
34.10655917,-117.712272,1371000,100.8030631,-0.6875,-2.3125
34.10655917,-117.712272,1371000,98.67992349,-0.6875,-2.3125
34.10655917,-117.712272,1371000,99.18803438,-0.6875,-2.3125
34.10655917,-117.712272,1371000,97.27705478,-0.6875,-2.3125
34.10655917,-117.712272,1371000,99.5692121,-0.6875,-2.3125
34.10655917,-117.712272,1371000,99.87109743,-0.6875,-2.3125
34.10655917,-117.712272,1371000,97.55504691,-0.6875,-2.3125
34.10655917,-117.712272,1371000,98.73143798,-0.6875,-2.3125
34.10655917,-117.712272,1371000,98.7886214,-0.6875,-2.3125
34.10655917,-117.712272,1371000,98.692345,-0.6875,-2.3125
34.10655917,-117.712272,1371000,98.61641426,-0.6875,-2.3125
34.10655917,-117.712272,1371000,97.55803796,-0.6875,-2.3125
34.10655917,-117.712272,1371000,97.23114185,-0.6875,-2.3125
34.10655917,-117.712272,1371000,96.60619602,-0.6875,-2.3125
34.10655917,-117.712272,1371000,98.48505509,-0.6875,-2.3125
34.10655917,-117.712272,1371000,98.38447907,-0.6875,-2.3125
34.10655917,-117.712272,1371000,99.29677604,-0.6875,-2.3125
34.10655917,-117.712272,1371000,100.3706341,-0.6875,-2.3125
34.10655917,-117.712272,1371000,101.323738,-0.6875,-2.3125
34.10655917,-117.712272,1371000,97.84258913,-0.6875,-2.3125
34.10655917,-117.712272,1371000,99.55668729,-0.6875,-2.3125
34.10655917,-117.712272,1371000,96.44100932,-0.6875,-2.3125
34.10655917,-117.712272,1371000,99.92682332,-0.6875,-2.3125
34.10655917,-117.712272,1371000,97.82106558,-0.6875,-2.3125
34.10655917,-117.712272,1371000,98.51935855,-0.6875,-2.3125
34.10655917,-117.712272,1371000,97.02265414,-0.6875,-2.3125
34.10655933,-117.7122713,1372000,96.92763244,-0.6875,-2.3125
34.10655933,-117.7122713,1372000,100.979442,-0.6875,-2.3125
34.10655933,-117.7122713,1372000,99.46004678,-0.6875,-2.3125
34.10655933,-117.7122713,1372000,98.86539775,-0.6875,-2.3125
34.10655933,-117.7122713,1372000,97.84112102,-0.6875,-2.3125
34.10655933,-117.7122713,1372000,98.53464027,-0.6875,-2.3125
34.10655933,-117.7122713,1372000,97.39577267,-0.6875,-2.3125
34.10655933,-117.7122713,1372000,99.13736741,-0.6875,-2.3125
34.10655933,-117.7122713,1372000,97.28588933,-0.6875,-2.3125
34.10655933,-117.7122713,1372000,98.74813164,-0.6875,-2.3125
34.10655933,-117.7122713,1372000,98.1555933,-0.6875,-2.3125
34.10655933,-117.7122713,1372000,98.67401667,-0.6875,-2.3125
34.10655933,-117.7122713,1372000,98.49842638,-0.6875,-2.3125
34.10655933,-117.7122713,1372000,98.43174327,-0.6875,-2.3125
34.10655933,-117.7122713,1372000,98.36776393,-0.6875,-2.3125
34.10655933,-117.7122713,1372000,100.6481477,-0.6875,-2.3125
34.10655933,-117.7122713,1372000,100.8415251,-0.6875,-2.3125
34.10655933,-117.7122713,1372000,96.62692303,-0.6875,-2.3125
34.10655933,-117.7122713,1372000,97.54770281,-0.6875,-2.3125
34.10655933,-117.7122713,1372000,96.40692694,-0.6875,-2.3125
34.10655933,-117.7122713,1372000,98.15055022,-0.6875,-2.3125
34.10655933,-117.7122713,1372000,101.3310247,-0.6875,-2.3125
34.10655933,-117.7122713,1372000,100.7140732,-0.6875,-2.3125
34.10655933,-117.7122713,1372000,99.9916415,-0.6875,-2.3125
34.10655933,-117.7122713,1372000,98.55131355,-0.6875,-2.3125
34.10655933,-117.7122713,1372000,99.886115,-0.6875,-2.3125
34.10655933,-117.7122713,1372000,97.78693765,-0.6875,-2.3125
34.10655933,-117.7122713,1372000,97.93209423,-0.6875,-2.3125
34.10655933,-117.7122713,1372000,98.12535666,-0.6875,-2.3125
34.10655933,-117.7122713,1372000,98.32888945,-0.6875,-2.3125
34.10655933,-117.7122713,1372000,96.56983146,-0.6875,-2.3125
34.10655933,-117.7122713,1372000,98.16048403,-0.6875,-2.3125
34.10655933,-117.7122713,1372000,96.95306488,-0.6875,-2.3125
34.10655933,-117.7122713,1372000,99.04662271,-0.6875,-2.3125
34.10655933,-117.7122713,1372000,98.26714822,-0.6875,-2.3125
34.10655933,-117.7122713,1372000,100.6405786,-0.6875,-2.3125
34.10655933,-117.7122713,1372000,98.55632364,-0.6875,-2.3125
34.10655933,-117.7122713,1372000,98.77107484,-0.6875,-2.3125
34.106559,-117.7122705,1373000,99.06103294,-0.6875,-2.3125
34.106559,-117.7122705,1373000,99.58092603,-0.6875,-2.3125
34.106559,-117.7122705,1373000,97.61451243,-0.6875,-2.3125
34.106559,-117.7122705,1373000,97.13003476,-0.6875,-2.3125
34.106559,-117.7122705,1373000,99.96070199,-0.6875,-2.3125
34.106559,-117.7122705,1373000,98.69113479,-0.6875,-2.3125
34.106559,-117.7122705,1373000,99.41707086,-0.6875,-2.3125
34.106559,-117.7122705,1373000,99.9279465,-0.6875,-2.3125
34.106559,-117.7122705,1373000,99.25921733,-0.6875,-2.3125
34.106559,-117.7122705,1373000,100.0439377,-0.6875,-2.3125
34.106559,-117.7122705,1373000,98.26939032,-0.6875,-2.3125
34.106559,-117.7122705,1373000,101.3821875,-0.6875,-2.3125
34.106559,-117.7122705,1373000,100.1230513,-0.6875,-2.3125
34.106559,-117.7122705,1373000,98.05856723,-0.6875,-2.3125
34.106559,-117.7122705,1373000,99.92791713,-0.6875,-2.3125
34.106559,-117.7122705,1373000,99.9147761,-0.6875,-2.3125
34.106559,-117.7122705,1373000,100.6630343,-0.6875,-2.3125
34.106559,-117.7122705,1373000,98.36019525,-0.6875,-2.3125
34.106559,-117.7122705,1373000,99.28242286,-0.6875,-2.3125
34.106559,-117.7122705,1373000,100.7455512,-0.6875,-2.3125
34.106559,-117.7122705,1373000,98.03473143,-0.6875,-2.3125
34.106559,-117.7122705,1373000,97.85452375,-0.6875,-2.3125
34.106559,-117.7122705,1373000,99.96500555,-0.6875,-2.3125
34.106559,-117.7122705,1373000,99.82771233,-0.6875,-2.3125
34.106559,-117.7122705,1373000,98.19031927,-0.6875,-2.3125
34.106559,-117.7122705,1373000,99.4413026,-0.6875,-2.3125
34.106559,-117.7122705,1373000,100.6989042,-0.6875,-2.3125
34.106559,-117.7122705,1373000,96.48076276,-0.6875,-2.3125
34.106559,-117.7122705,1373000,98.94542365,-0.6875,-2.3125
34.106559,-117.7122705,1373000,97.93673495,-0.6875,-2.3125
34.106559,-117.7122705,1373000,96.67075523,-0.6875,-2.3125
34.106559,-117.7122705,1373000,97.46327775,-0.6875,-2.3125
34.106559,-117.7122705,1373000,98.74076372,-0.6875,-2.3125
34.106559,-117.7122705,1373000,98.79277367,-0.6875,-2.3125
34.106559,-117.7122705,1373000,101.899541,-0.6875,-2.3125
34.106559,-117.7122705,1373000,102.3857088,-0.6875,-2.3125
34.106559,-117.7122705,1373000,98.99080567,-0.6875,-2.3125
34.106559,-117.7122705,1373000,101.1471501,-0.6875,-2.3125
34.106559,-117.7122705,1373000,96.555105,-0.6875,-2.3125
34.1065575,-117.7122693,1374000,101.1706726,-0.6875,-2.3125
34.1065575,-117.7122693,1374000,98.73317953,-0.6875,-2.3125
34.1065575,-117.7122693,1374000,100.8017259,-0.6875,-2.3125
34.1065575,-117.7122693,1374000,98.45626086,-0.6875,-2.3125
34.1065575,-117.7122693,1374000,99.90802496,-0.6875,-2.3125
34.1065575,-117.7122693,1374000,96.86193595,-0.6875,-2.3125
34.1065575,-117.7122693,1374000,101.4987937,-0.6875,-2.3125
34.1065575,-117.7122693,1374000,100.5854956,-0.6875,-2.3125
34.1065575,-117.7122693,1374000,99.54982777,-0.6875,-2.3125
34.1065575,-117.7122693,1374000,100.0626317,-0.6875,-2.3125
34.1065575,-117.7122693,1374000,96.96350886,-0.6875,-2.3125
34.1065575,-117.7122693,1374000,99.19044779,-0.6875,-2.3125
34.1065575,-117.7122693,1374000,100.3938764,-0.6875,-2.3125
34.1065575,-117.7122693,1374000,98.62298027,-0.6875,-2.3125
34.1065575,-117.7122693,1374000,99.7840628,-0.6875,-2.3125
34.1065575,-117.7122693,1374000,99.93877913,-0.6875,-2.3125
34.1065575,-117.7122693,1374000,100.2644692,-0.6875,-2.3125
34.1065575,-117.7122693,1374000,98.66379244,-0.6875,-2.3125
34.1065575,-117.7122693,1374000,98.69478532,-0.6875,-2.3125
34.1065575,-117.7122693,1374000,98.17560362,-0.6875,-2.3125
34.1065575,-117.7122693,1374000,98.90709843,-0.6875,-2.3125
34.1065575,-117.7122693,1374000,97.31687091,-0.6875,-2.3125
34.1065575,-117.7122693,1374000,99.5902234,-0.6875,-2.3125
34.1065575,-117.7122693,1374000,99.96927378,-0.6875,-2.3125
34.1065575,-117.7122693,1374000,98.87999797,-0.6875,-2.3125
34.1065575,-117.7122693,1374000,99.74418861,-0.6875,-2.3125
34.1065575,-117.7122693,1374000,98.34868409,-0.6875,-2.3125
34.1065575,-117.7122693,1374000,100.0709542,-0.6875,-2.3125
34.1065575,-117.7122693,1374000,98.2615412,-0.6875,-2.3125
34.1065575,-117.7122693,1374000,102.3070856,-0.6875,-2.3125
34.1065575,-117.7122693,1374000,98.95115916,-0.6875,-2.3125
34.1065575,-117.7122693,1374000,98.81933899,-0.6875,-2.3125
34.1065575,-117.7122693,1374000,98.15278146,-0.6875,-2.3125
34.1065575,-117.7122693,1374000,99.04484781,-0.6875,-2.3125
34.1065575,-117.7122693,1374000,96.70009217,-0.6875,-2.3125
34.1065575,-117.7122693,1374000,101.4084123,-0.6875,-2.3125
34.1065575,-117.7122693,1374000,100.6437044,-0.6875,-2.3125
34.1065575,-117.7122693,1374000,99.20632385,-0.6875,-2.3125
34.1065575,-117.7122693,1374000,100.4861617,-0.6875,-2.3125
34.10655933,-117.7122673,1375000,97.31916979,-0.6875,-2.3125
34.10655933,-117.7122673,1375000,96.82647146,-0.6875,-2.3125
34.10655933,-117.7122673,1375000,98.26284507,-0.6875,-2.3125
34.10655933,-117.7122673,1375000,98.59930137,-0.6875,-2.3125
34.10655933,-117.7122673,1375000,99.21866346,-0.6875,-2.3125
34.10655933,-117.7122673,1375000,99.9739605,-0.6875,-2.3125
34.10655933,-117.7122673,1375000,101.4272439,-0.6875,-2.3125
34.10655933,-117.7122673,1375000,100.3621759,-0.6875,-2.3125
34.10655933,-117.7122673,1375000,100.1880951,-0.6875,-2.3125
34.10655933,-117.7122673,1375000,97.86964719,-0.6875,-2.3125
34.10655933,-117.7122673,1375000,100.3646077,-0.6875,-2.3125
34.10655933,-117.7122673,1375000,96.50730805,-0.6875,-2.3125
34.10655933,-117.7122673,1375000,98.83451559,-0.6875,-2.3125
34.10655933,-117.7122673,1375000,98.10864592,-0.6875,-2.3125
34.10655933,-117.7122673,1375000,100.3229069,-0.6875,-2.3125
34.10655933,-117.7122673,1375000,99.61899982,-0.6875,-2.3125
34.10655933,-117.7122673,1375000,96.6839432,-0.6875,-2.3125
34.10655933,-117.7122673,1375000,95.19270178,-0.6875,-2.3125
34.10655933,-117.7122673,1375000,99.44819297,-0.6875,-2.3125
34.10655933,-117.7122673,1375000,99.79655998,-0.6875,-2.3125
34.10655933,-117.7122673,1375000,100.656068,-0.6875,-2.3125
34.10655933,-117.7122673,1375000,98.30980373,-0.6875,-2.3125
34.10655933,-117.7122673,1375000,97.18734618,-0.6875,-2.3125
34.10655933,-117.7122673,1375000,99.71344504,-0.6875,-2.3125
34.10655933,-117.7122673,1375000,99.89694486,-0.6875,-2.3125
34.10655933,-117.7122673,1375000,101.0797109,-0.6875,-2.3125
34.10655933,-117.7122673,1375000,98.86348472,-0.6875,-2.3125
34.10655933,-117.7122673,1375000,98.34650166,-0.6875,-2.3125
34.10655933,-117.7122673,1375000,97.73968423,-0.6875,-2.3125
34.10655933,-117.7122673,1375000,100.0030394,-0.6875,-2.3125
34.10655933,-117.7122673,1375000,98.24655416,-0.6875,-2.3125
34.10655933,-117.7122673,1375000,100.2791978,-0.6875,-2.3125
34.10655933,-117.7122673,1375000,101.2768527,-0.6875,-2.3125
34.10655933,-117.7122673,1375000,96.4765642,-0.6875,-2.3125
34.10655933,-117.7122673,1375000,99.14466047,-0.6875,-2.3125
34.10655933,-117.7122673,1375000,97.98681591,-0.6875,-2.3125
34.10655933,-117.7122673,1375000,100.8736131,-0.6875,-2.3125
34.1065605,-117.712266,1376000,99.80465522,-0.6875,-2.3125
34.1065605,-117.712266,1376000,97.15521934,-0.6875,-2.3125
34.1065605,-117.712266,1376000,98.68945784,-0.6875,-2.3125
34.1065605,-117.712266,1376000,99.82690001,-0.6875,-2.3125
34.1065605,-117.712266,1376000,98.42735813,-0.6875,-2.3125
34.1065605,-117.712266,1376000,100.5916547,-0.6875,-2.3125
34.1065605,-117.712266,1376000,99.93291586,-0.6875,-2.3125
34.1065605,-117.712266,1376000,96.70916844,-0.6875,-2.3125
34.1065605,-117.712266,1376000,98.93324738,-0.6875,-2.3125
34.1065605,-117.712266,1376000,97.96054806,-0.6875,-2.3125
34.1065605,-117.712266,1376000,98.98509213,-0.6875,-2.3125
34.1065605,-117.712266,1376000,98.29881927,-0.6875,-2.3125
34.1065605,-117.712266,1376000,97.11256258,-0.6875,-2.3125
34.1065605,-117.712266,1376000,100.5708626,-0.6875,-2.3125
34.1065605,-117.712266,1376000,101.0987782,-0.6875,-2.3125
34.1065605,-117.712266,1376000,100.1499847,-0.6875,-2.3125
34.1065605,-117.712266,1376000,99.26997137,-0.6875,-2.3125
34.1065605,-117.712266,1376000,99.20115961,-0.6875,-2.3125
34.1065605,-117.712266,1376000,99.45712991,-0.6875,-2.3125
34.1065605,-117.712266,1376000,98.07672968,-0.6875,-2.3125
34.1065605,-117.712266,1376000,97.26734934,-0.6875,-2.3125
34.1065605,-117.712266,1376000,99.86281327,-0.6875,-2.3125
34.1065605,-117.712266,1376000,96.19512043,-0.6875,-2.3125
34.1065605,-117.712266,1376000,100.7545477,-0.6875,-2.3125
34.1065605,-117.712266,1376000,101.0739854,-0.6875,-2.3125
34.1065605,-117.712266,1376000,100.7566544,-0.6875,-2.3125
34.1065605,-117.712266,1376000,98.02180142,-0.6875,-2.3125
34.1065605,-117.712266,1376000,101.3673986,-0.6875,-2.3125
34.1065605,-117.712266,1376000,101.2691907,-0.6875,-2.3125
34.1065605,-117.712266,1376000,99.83162539,-0.6875,-2.3125
34.1065605,-117.712266,1376000,99.95352533,-0.6875,-2.3125
34.1065605,-117.712266,1376000,99.98787431,-0.6875,-2.3125
34.1065605,-117.712266,1376000,97.52697294,-0.6875,-2.3125
34.1065605,-117.712266,1376000,95.66587755,-0.6875,-2.3125
34.1065605,-117.712266,1376000,96.50114622,-0.6875,-2.3125
34.1065605,-117.712266,1376000,101.3136668,-0.6875,-2.3125
34.1065605,-117.712266,1376000,99.28834353,-0.6875,-2.3125
34.1065605,-117.712266,1376000,102.083805,-0.6875,-2.3125
34.1065605,-117.712266,1376000,98.91304688,-0.6875,-2.3125
34.10656167,-117.7122635,1377000,98.87280262,-0.6875,-2.3125
34.10656167,-117.7122635,1377000,97.88107239,-0.6875,-2.3125
34.10656167,-117.7122635,1377000,99.44859604,-0.6875,-2.3125
34.10656167,-117.7122635,1377000,100.4454205,-0.6875,-2.3125
34.10656167,-117.7122635,1377000,96.73709328,-0.6875,-2.3125
34.10656167,-117.7122635,1377000,98.3215524,-0.6875,-2.3125
34.10656167,-117.7122635,1377000,100.8702997,-0.6875,-2.3125
34.10656167,-117.7122635,1377000,98.91585759,-0.6875,-2.3125
34.10656167,-117.7122635,1377000,98.85466836,-0.6875,-2.3125
34.10656167,-117.7122635,1377000,98.51124087,-0.6875,-2.3125
34.10656167,-117.7122635,1377000,101.7383688,-0.6875,-2.3125
34.10656167,-117.7122635,1377000,101.0165657,-0.6875,-2.3125
34.10656167,-117.7122635,1377000,97.81277394,-0.6875,-2.3125
34.10656167,-117.7122635,1377000,100.0227167,-0.6875,-2.3125
34.10656167,-117.7122635,1377000,99.74610477,-0.6875,-2.3125
34.10656167,-117.7122635,1377000,100.4837081,-0.6875,-2.3125
34.10656167,-117.7122635,1377000,100.8219995,-0.6875,-2.3125
34.10656167,-117.7122635,1377000,100.8744514,-0.6875,-2.3125
34.10656167,-117.7122635,1377000,100.0548313,-0.6875,-2.3125
34.10656167,-117.7122635,1377000,98.72196018,-0.6875,-2.3125
34.10656167,-117.7122635,1377000,97.54475622,-0.6875,-2.3125
34.10656167,-117.7122635,1377000,98.208486,-0.6875,-2.3125
34.10656167,-117.7122635,1377000,100.7683026,-0.6875,-2.3125
34.10656167,-117.7122635,1377000,97.34364291,-0.6875,-2.3125
34.10656167,-117.7122635,1377000,99.84682416,-0.6875,-2.3125
34.10656167,-117.7122635,1377000,98.44531897,-0.6875,-2.3125
34.10656167,-117.7122635,1377000,97.3825236,-0.6875,-2.3125
34.10656167,-117.7122635,1377000,97.17676879,-0.6875,-2.3125
34.10656167,-117.7122635,1377000,100.6498366,-0.6875,-2.3125
34.10656167,-117.7122635,1377000,98.54638168,-0.6875,-2.3125
34.10656167,-117.7122635,1377000,98.04342963,-0.6875,-2.3125
34.10656167,-117.7122635,1377000,99.43013259,-0.6875,-2.3125
34.10656167,-117.7122635,1377000,101.4603349,-0.6875,-2.3125
34.10656167,-117.7122635,1377000,99.2903989,-0.6875,-2.3125
34.10656167,-117.7122635,1377000,98.00505292,-0.6875,-2.3125
34.10656167,-117.7122635,1377000,97.95430579,-0.6875,-2.3125
34.10656167,-117.7122635,1377000,98.65726948,-0.6875,-2.3125
34.10656167,-117.7122635,1377000,101.7502694,-0.6875,-2.3125
34.10656033,-117.7122607,1378000,100.8893474,-0.6875,-2.3125
34.10656033,-117.7122607,1378000,97.44108965,-0.6875,-2.3125
34.10656033,-117.7122607,1378000,98.55404296,-0.6875,-2.3125
34.10656033,-117.7122607,1378000,99.3812468,-0.6875,-2.3125
34.10656033,-117.7122607,1378000,98.65532541,-0.6875,-2.3125
34.10656033,-117.7122607,1378000,98.24127913,-0.6875,-2.3125
34.10656033,-117.7122607,1378000,98.02538596,-0.6875,-2.3125
34.10656033,-117.7122607,1378000,98.76150599,-0.6875,-2.3125
34.10656033,-117.7122607,1378000,99.41842763,-0.6875,-2.3125
34.10656033,-117.7122607,1378000,99.72001463,-0.6875,-2.3125
34.10656033,-117.7122607,1378000,96.30925703,-0.6875,-2.3125
34.10656033,-117.7122607,1378000,99.58733737,-0.6875,-2.3125
34.10656033,-117.7122607,1378000,99.20497094,-0.6875,-2.3125
34.10656033,-117.7122607,1378000,98.79594894,-0.6875,-2.3125
34.10656033,-117.7122607,1378000,96.16607598,-0.6875,-2.3125
34.10656033,-117.7122607,1378000,96.26233294,-0.6875,-2.3125
34.10656033,-117.7122607,1378000,95.69236644,-0.6875,-2.3125
34.10656033,-117.7122607,1378000,99.70056002,-0.6875,-2.3125
34.10656033,-117.7122607,1378000,95.90398475,-0.6875,-2.3125
34.10656033,-117.7122607,1378000,98.45456448,-0.6875,-2.3125
34.10656033,-117.7122607,1378000,98.3095494,-0.6875,-2.3125
34.10656033,-117.7122607,1378000,99.94831595,-0.6875,-2.3125
34.10656033,-117.7122607,1378000,100.0393467,-0.6875,-2.3125
34.10656033,-117.7122607,1378000,100.6680518,-0.6875,-2.3125
34.10656033,-117.7122607,1378000,99.54131432,-0.6875,-2.3125
34.10656033,-117.7122607,1378000,97.14916109,-0.6875,-2.3125
34.10656033,-117.7122607,1378000,99.36880737,-0.6875,-2.3125
34.10656033,-117.7122607,1378000,99.25471232,-0.6875,-2.3125
34.10656033,-117.7122607,1378000,97.67400234,-0.6875,-2.3125
34.10656033,-117.7122607,1378000,100.8044347,-0.6875,-2.3125
34.10656033,-117.7122607,1378000,100.1093722,-0.6875,-2.3125
34.10656033,-117.7122607,1378000,101.2596458,-0.6875,-2.3125
34.10656033,-117.7122607,1378000,99.55662656,-0.6875,-2.3125
34.10656033,-117.7122607,1378000,99.01044847,-0.6875,-2.3125
34.10656033,-117.7122607,1378000,101.2375986,-0.6875,-2.3125
34.10656033,-117.7122607,1378000,98.82320675,-0.6875,-2.3125
34.10656033,-117.7122607,1378000,99.77623446,-0.6875,-2.3125
34.10656033,-117.7122607,1378000,97.55471874,-0.6875,-2.3125
34.10656033,-117.7122607,1378000,99.44459904,-0.6875,-2.3125
34.10655733,-117.7122577,1379000,97.89142955,-0.6875,-2.3125
34.10655733,-117.7122577,1379000,101.8550379,-0.6875,-2.3125
34.10655733,-117.7122577,1379000,100.7497459,-0.6875,-2.3125
34.10655733,-117.7122577,1379000,100.8124684,-0.6875,-2.3125
34.10655733,-117.7122577,1379000,98.92172688,-0.6875,-2.3125
34.10655733,-117.7122577,1379000,97.08128125,-0.6875,-2.3125
34.10655733,-117.7122577,1379000,99.62585052,-0.6875,-2.3125
34.10655733,-117.7122577,1379000,99.20620112,-0.6875,-2.3125
34.10655733,-117.7122577,1379000,100.4549871,-0.6875,-2.3125
34.10655733,-117.7122577,1379000,98.52121682,-0.6875,-2.3125
34.10655733,-117.7122577,1379000,100.4867269,-0.6875,-2.3125
34.10655733,-117.7122577,1379000,101.1644643,-0.6875,-2.3125
34.10655733,-117.7122577,1379000,99.20482142,-0.6875,-2.3125
34.10655733,-117.7122577,1379000,96.46769043,-0.6875,-2.3125
34.10655733,-117.7122577,1379000,99.53846348,-0.6875,-2.3125
34.10655733,-117.7122577,1379000,99.29325343,-0.6875,-2.3125
34.10655733,-117.7122577,1379000,97.82796401,-0.6875,-2.3125
34.10655733,-117.7122577,1379000,98.57738134,-0.6875,-2.3125
34.10655733,-117.7122577,1379000,98.36623146,-0.6875,-2.3125
34.10655733,-117.7122577,1379000,97.76631234,-0.6875,-2.3125
34.10655733,-117.7122577,1379000,98.81233585,-0.6875,-2.3125
34.10655733,-117.7122577,1379000,98.45747547,-0.6875,-2.3125
34.10655733,-117.7122577,1379000,98.74548762,-0.6875,-2.3125
34.10655733,-117.7122577,1379000,98.84309838,-0.6875,-2.3125
34.10655733,-117.7122577,1379000,99.12558626,-0.6875,-2.3125
34.10655733,-117.7122577,1379000,100.5340076,-0.6875,-2.3125
34.10655733,-117.7122577,1379000,99.32604602,-0.6875,-2.3125
34.10655733,-117.7122577,1379000,97.27610587,-0.6875,-2.3125
34.10655733,-117.7122577,1379000,97.04292298,-0.6875,-2.3125
34.10655733,-117.7122577,1379000,98.937273,-0.6875,-2.3125
34.10655733,-117.7122577,1379000,100.4015931,-0.6875,-2.3125
34.10655733,-117.7122577,1379000,99.94527984,-0.6875,-2.3125
34.10655733,-117.7122577,1379000,100.0284762,-0.6875,-2.3125
34.10655733,-117.7122577,1379000,98.50103625,-0.6875,-2.3125
34.10655733,-117.7122577,1379000,98.32339877,-0.6875,-2.3125
34.10655733,-117.7122577,1379000,99.38822655,-0.6875,-2.3125
34.10655733,-117.7122577,1379000,99.64486088,-0.6875,-2.3125
34.10655733,-117.7122577,1379000,98.09487276,-0.6875,-2.3125
34.1065575,-117.7122558,1380000,98.49666252,-0.6875,-2.3125
34.1065575,-117.7122558,1380000,97.8203975,-0.6875,-2.3125
34.1065575,-117.7122558,1380000,96.87649324,-0.6875,-2.3125
34.1065575,-117.7122558,1380000,97.75545687,-0.6875,-2.3125
34.1065575,-117.7122558,1380000,99.35207155,-0.6875,-2.3125
34.1065575,-117.7122558,1380000,101.2860352,-0.6875,-2.3125
34.1065575,-117.7122558,1380000,97.68978343,-0.6875,-2.3125
34.1065575,-117.7122558,1380000,98.30538427,-0.6875,-2.3125
34.1065575,-117.7122558,1380000,96.92229838,-0.6875,-2.3125
34.1065575,-117.7122558,1380000,100.8683641,-0.6875,-2.3125
34.1065575,-117.7122558,1380000,98.33752857,-0.6875,-2.3125
34.1065575,-117.7122558,1380000,99.99057855,-0.6875,-2.3125
34.1065575,-117.7122558,1380000,98.80962912,-0.6875,-2.3125
34.1065575,-117.7122558,1380000,97.60931234,-0.6875,-2.3125
34.1065575,-117.7122558,1380000,99.26167283,-0.6875,-2.3125
34.1065575,-117.7122558,1380000,97.96922998,-0.6875,-2.3125
34.1065575,-117.7122558,1380000,101.4801271,-0.6875,-2.3125
34.1065575,-117.7122558,1380000,101.8101692,-0.6875,-2.3125
34.1065575,-117.7122558,1380000,100.727544,-0.6875,-2.3125
34.1065575,-117.7122558,1380000,98.26292899,-0.6875,-2.3125
34.1065575,-117.7122558,1380000,96.74702415,-0.6875,-2.3125
34.1065575,-117.7122558,1380000,100.9088123,-0.6875,-2.3125
34.1065575,-117.7122558,1380000,97.72544414,-0.6875,-2.3125
34.1065575,-117.7122558,1380000,100.4292291,-0.6875,-2.3125
34.1065575,-117.7122558,1380000,101.5945043,-0.6875,-2.3125
34.1065575,-117.7122558,1380000,98.69097305,-0.6875,-2.3125
34.1065575,-117.7122558,1380000,96.8477729,-0.6875,-2.3125
34.1065575,-117.7122558,1380000,98.46239178,-0.6875,-2.3125
34.1065575,-117.7122558,1380000,96.980223,-0.6875,-2.3125
34.1065575,-117.7122558,1380000,99.69780408,-0.6875,-2.3125
34.1065575,-117.7122558,1380000,96.20870324,-0.6875,-2.3125
34.1065575,-117.7122558,1380000,103.6886626,-0.6875,-2.3125
34.1065575,-117.7122558,1380000,96.45671582,-0.6875,-2.3125
34.1065575,-117.7122558,1380000,99.16799188,-0.6875,-2.3125
34.1065575,-117.7122558,1380000,100.9312765,-0.6875,-2.3125
34.1065575,-117.7122558,1380000,99.10080364,-0.6875,-2.3125
34.1065575,-117.7122558,1380000,100.4724089,-0.6875,-2.3125
34.1065575,-117.7122558,1380000,100.1780096,-0.6875,-2.3125
34.1065575,-117.7122558,1380000,99.38612595,-0.6875,-2.3125
34.10656017,-117.712255,1381000,101.7673435,-0.6875,-2.3125
34.10656017,-117.712255,1381000,99.96864018,-0.6875,-2.3125
34.10656017,-117.712255,1381000,99.76634562,-0.6875,-2.3125
34.10656017,-117.712255,1381000,100.279145,-0.6875,-2.3125
34.10656017,-117.712255,1381000,99.31930163,-0.6875,-2.3125
34.10656017,-117.712255,1381000,97.21592886,-0.6875,-2.3125
34.10656017,-117.712255,1381000,98.27168268,-0.6875,-2.3125
34.10656017,-117.712255,1381000,98.83335309,-0.6875,-2.3125
34.10656017,-117.712255,1381000,100.4180521,-0.6875,-2.3125
34.10656017,-117.712255,1381000,97.9903651,-0.6875,-2.3125
34.10656017,-117.712255,1381000,97.58405755,-0.6875,-2.3125
34.10656017,-117.712255,1381000,99.98609701,-0.6875,-2.3125
34.10656017,-117.712255,1381000,94.53259938,-0.6875,-2.3125
34.10656017,-117.712255,1381000,98.2439487,-0.6875,-2.3125
34.10656017,-117.712255,1381000,100.0054047,-0.6875,-2.3125
34.10656017,-117.712255,1381000,98.67005622,-0.6875,-2.3125
34.10656017,-117.712255,1381000,98.25206631,-0.6875,-2.3125
34.10656017,-117.712255,1381000,98.73948674,-0.6875,-2.3125
34.10656017,-117.712255,1381000,100.6701716,-0.6875,-2.3125
34.10656017,-117.712255,1381000,98.81465444,-0.6875,-2.3125
34.10656017,-117.712255,1381000,98.72183508,-0.6875,-2.3125
34.10656017,-117.712255,1381000,99.90028474,-0.6875,-2.3125
34.10656017,-117.712255,1381000,101.3119371,-0.6875,-2.3125
34.10656017,-117.712255,1381000,98.95004304,-0.6875,-2.3125
34.10656017,-117.712255,1381000,97.07098557,-0.6875,-2.3125
34.10656017,-117.712255,1381000,97.98280759,-0.6875,-2.3125
34.10656017,-117.712255,1381000,102.5042898,-0.6875,-2.3125
34.10656017,-117.712255,1381000,100.3111859,-0.6875,-2.3125
34.10656017,-117.712255,1381000,99.8792395,-0.6875,-2.3125
34.10656017,-117.712255,1381000,102.17267,-0.6875,-2.3125
34.10656017,-117.712255,1381000,100.2990787,-0.6875,-2.3125
34.10656017,-117.712255,1381000,99.11224833,-0.6875,-2.3125
34.10656017,-117.712255,1381000,101.7530434,-0.6875,-2.3125
34.10656017,-117.712255,1381000,100.4149012,-0.6875,-2.3125
34.10656017,-117.712255,1381000,99.59310695,-0.6875,-2.3125
34.10656017,-117.712255,1381000,96.67191149,-0.6875,-2.3125
34.10656017,-117.712255,1381000,101.2089337,-0.6875,-2.3125
34.10656017,-117.712255,1381000,96.95403396,-0.6875,-2.3125
34.10656017,-117.712255,1381000,99.25709135,-0.6875,-2.3125
34.1065605,-117.7122538,1382000,99.36116654,-0.6875,-2.3125
34.1065605,-117.7122538,1382000,97.91909802,-0.6875,-2.3125
34.1065605,-117.7122538,1382000,101.9314605,-0.6875,-2.3125
34.1065605,-117.7122538,1382000,98.8526548,-0.6875,-2.3125
34.1065605,-117.7122538,1382000,100.7741872,-0.6875,-2.3125
34.1065605,-117.7122538,1382000,99.09733029,-0.6875,-2.3125
34.1065605,-117.7122538,1382000,102.1683998,-0.6875,-2.3125
34.1065605,-117.7122538,1382000,98.95841079,-0.6875,-2.3125
34.1065605,-117.7122538,1382000,97.50354454,-0.6875,-2.3125
34.1065605,-117.7122538,1382000,99.56647901,-0.6875,-2.3125
34.1065605,-117.7122538,1382000,100.1041324,-0.6875,-2.3125
34.1065605,-117.7122538,1382000,99.57946335,-0.6875,-2.3125
34.1065605,-117.7122538,1382000,99.28419598,-0.6875,-2.3125
34.1065605,-117.7122538,1382000,100.6582898,-0.6875,-2.3125
34.1065605,-117.7122538,1382000,100.0372859,-0.6875,-2.3125
34.1065605,-117.7122538,1382000,98.29556156,-0.6875,-2.3125
34.1065605,-117.7122538,1382000,99.59154862,-0.6875,-2.3125
34.1065605,-117.7122538,1382000,98.13240031,-0.6875,-2.3125
34.1065605,-117.7122538,1382000,99.01272302,-0.6875,-2.3125
34.1065605,-117.7122538,1382000,98.16362679,-0.6875,-2.3125
34.1065605,-117.7122538,1382000,99.46667996,-0.6875,-2.3125
34.1065605,-117.7122538,1382000,98.95189802,-0.6875,-2.3125
34.1065605,-117.7122538,1382000,101.5841176,-0.6875,-2.3125
34.1065605,-117.7122538,1382000,98.12207936,-0.6875,-2.3125
34.1065605,-117.7122538,1382000,101.7786614,-0.6875,-2.3125
34.1065605,-117.7122538,1382000,99.32045236,-0.6875,-2.3125
34.1065605,-117.7122538,1382000,98.46275964,-0.6875,-2.3125
34.1065605,-117.7122538,1382000,99.12964084,-0.6875,-2.3125
34.1065605,-117.7122538,1382000,97.52774785,-0.6875,-2.3125
34.1065605,-117.7122538,1382000,98.32149849,-0.6875,-2.3125
34.1065605,-117.7122538,1382000,99.31650191,-0.6875,-2.3125
34.1065605,-117.7122538,1382000,100.6742572,-0.6875,-2.3125
34.1065605,-117.7122538,1382000,96.63340675,-0.6875,-2.3125
34.1065605,-117.7122538,1382000,100.0436886,-0.6875,-2.3125
34.1065605,-117.7122538,1382000,98.65068093,-0.6875,-2.3125
34.1065605,-117.7122538,1382000,99.12085715,-0.6875,-2.3125
34.1065605,-117.7122538,1382000,100.519878,-0.6875,-2.3125
34.1065605,-117.7122538,1382000,100.9376358,-0.6875,-2.3125
34.1065595,-117.7122537,1383000,100.1629241,-0.6875,-2.3125
34.1065595,-117.7122537,1383000,99.77238818,-0.6875,-2.3125
34.1065595,-117.7122537,1383000,99.10605525,-0.6875,-2.3125
34.1065595,-117.7122537,1383000,99.20651902,-0.6875,-2.3125
34.1065595,-117.7122537,1383000,101.7232078,-0.6875,-2.3125
34.1065595,-117.7122537,1383000,98.99859249,-0.6875,-2.3125
34.1065595,-117.7122537,1383000,98.30289814,-0.6875,-2.3125
34.1065595,-117.7122537,1383000,98.4333505,-0.6875,-2.3125
34.1065595,-117.7122537,1383000,97.49032057,-0.6875,-2.3125
34.1065595,-117.7122537,1383000,99.20347142,-0.6875,-2.3125
34.1065595,-117.7122537,1383000,99.74401494,-0.6875,-2.3125
34.1065595,-117.7122537,1383000,99.14021021,-0.6875,-2.3125
34.1065595,-117.7122537,1383000,101.5736558,-0.6875,-2.3125
34.1065595,-117.7122537,1383000,98.99974843,-0.6875,-2.3125
34.1065595,-117.7122537,1383000,99.11806321,-0.6875,-2.3125
34.1065595,-117.7122537,1383000,101.9048025,-0.6875,-2.3125
34.1065595,-117.7122537,1383000,98.74723619,-0.6875,-2.3125
34.1065595,-117.7122537,1383000,97.17598012,-0.6875,-2.3125
34.1065595,-117.7122537,1383000,98.4510051,-0.6875,-2.3125
34.1065595,-117.7122537,1383000,98.25048445,-0.6875,-2.3125
34.1065595,-117.7122537,1383000,99.37463444,-0.6875,-2.3125
34.1065595,-117.7122537,1383000,101.3141593,-0.6875,-2.3125
34.1065595,-117.7122537,1383000,99.4088437,-0.6875,-2.3125
34.1065595,-117.7122537,1383000,99.02092719,-0.6875,-2.3125
34.1065595,-117.7122537,1383000,99.23019329,-0.6875,-2.3125
34.1065595,-117.7122537,1383000,97.3006248,-0.6875,-2.3125
34.1065595,-117.7122537,1383000,96.19202651,-0.6875,-2.3125
34.1065595,-117.7122537,1383000,99.49254591,-0.6875,-2.3125
34.1065595,-117.7122537,1383000,99.96654903,-0.6875,-2.3125
34.1065595,-117.7122537,1383000,100.2535493,-0.6875,-2.3125
34.1065595,-117.7122537,1383000,99.7241519,-0.6875,-2.3125
34.1065595,-117.7122537,1383000,96.75372706,-0.6875,-2.3125
34.1065595,-117.7122537,1383000,97.92302073,-0.6875,-2.3125
34.1065595,-117.7122537,1383000,100.1017917,-0.6875,-2.3125
34.1065595,-117.7122537,1383000,98.69248548,-0.6875,-2.3125
34.1065595,-117.7122537,1383000,101.669233,-0.6875,-2.3125
34.1065595,-117.7122537,1383000,98.41888538,-0.6875,-2.3125
34.1065595,-117.7122537,1383000,98.15098353,-0.6875,-2.3125
34.106559,-117.712253,1384000,99.27853164,-0.6875,-2.3125
34.106559,-117.712253,1384000,101.0159115,-0.6875,-2.3125
34.106559,-117.712253,1384000,98.67584124,-0.6875,-2.3125
34.106559,-117.712253,1384000,98.72162243,-0.6875,-2.3125
34.106559,-117.712253,1384000,101.2354935,-0.6875,-2.3125
34.106559,-117.712253,1384000,99.33045326,-0.6875,-2.3125
34.106559,-117.712253,1384000,100.4640739,-0.6875,-2.3125
34.106559,-117.712253,1384000,100.2280552,-0.6875,-2.3125
34.106559,-117.712253,1384000,99.25381621,-0.6875,-2.3125
34.106559,-117.712253,1384000,96.60246349,-0.6875,-2.3125
34.106559,-117.712253,1384000,97.11094622,-0.6875,-2.3125
34.106559,-117.712253,1384000,98.201909,-0.6875,-2.3125
34.106559,-117.712253,1384000,101.5803869,-0.6875,-2.3125
34.106559,-117.712253,1384000,99.66561993,-0.6875,-2.3125
34.106559,-117.712253,1384000,98.55813114,-0.6875,-2.3125
34.106559,-117.712253,1384000,98.66781489,-0.6875,-2.3125
34.106559,-117.712253,1384000,97.2611743,-0.6875,-2.3125
34.106559,-117.712253,1384000,99.01432207,-0.6875,-2.3125
34.106559,-117.712253,1384000,99.89557087,-0.6875,-2.3125
34.106559,-117.712253,1384000,98.10648301,-0.6875,-2.3125
34.106559,-117.712253,1384000,100.5117161,-0.6875,-2.3125
34.106559,-117.712253,1384000,99.735284,-0.6875,-2.3125
34.106559,-117.712253,1384000,98.80526613,-0.6875,-2.3125
34.106559,-117.712253,1384000,100.4889842,-0.6875,-2.3125
34.106559,-117.712253,1384000,95.99721633,-0.6875,-2.3125
34.106559,-117.712253,1384000,100.9635891,-0.6875,-2.3125
34.106559,-117.712253,1384000,99.70887481,-0.6875,-2.3125
34.106559,-117.712253,1384000,97.59402985,-0.6875,-2.3125
34.106559,-117.712253,1384000,100.5969288,-0.6875,-2.3125
34.106559,-117.712253,1384000,100.2668948,-0.6875,-2.3125
34.106559,-117.712253,1384000,100.4088975,-0.6875,-2.3125
34.106559,-117.712253,1384000,100.2503337,-0.6875,-2.3125
34.106559,-117.712253,1384000,98.00240311,-0.6875,-2.3125
34.106559,-117.712253,1384000,96.54231667,-0.6875,-2.3125
34.106559,-117.712253,1384000,96.68771332,-0.6875,-2.3125
34.106559,-117.712253,1384000,98.01266374,-0.6875,-2.3125
34.106559,-117.712253,1384000,101.6022912,-0.6875,-2.3125
34.106559,-117.712253,1384000,96.77075081,-0.6875,-2.3125
34.106559,-117.712253,1384000,100.9467237,-0.6875,-2.3125
34.106559,-117.712253,1385000,99.05229521,-0.6875,-2.3125
34.106559,-117.712253,1385000,98.1466447,-0.6875,-2.3125
34.106559,-117.712253,1385000,97.5563608,-0.6875,-2.3125
34.106559,-117.712253,1385000,97.04934447,-0.6875,-2.3125
34.106559,-117.712253,1385000,99.50033501,-0.6875,-2.3125
34.106559,-117.712253,1385000,95.41041913,-0.6875,-2.3125
34.106559,-117.712253,1385000,100.7013334,-0.6875,-2.3125
34.106559,-117.712253,1385000,97.90805347,-0.6875,-2.3125
34.106559,-117.712253,1385000,101.6725232,-0.6875,-2.3125
34.106559,-117.712253,1385000,96.44218794,-0.6875,-2.3125
34.106559,-117.712253,1385000,99.85455991,-0.6875,-2.3125
34.106559,-117.712253,1385000,99.50847106,-0.6875,-2.3125
34.106559,-117.712253,1385000,100.6634595,-0.6875,-2.3125
34.106559,-117.712253,1385000,102.1465426,-0.6875,-2.3125
34.106559,-117.712253,1385000,100.1676212,-0.6875,-2.3125
34.106559,-117.712253,1385000,99.71965936,-0.6875,-2.3125
34.106559,-117.712253,1385000,100.3687257,-0.6875,-2.3125
34.106559,-117.712253,1385000,99.72030989,-0.6875,-2.3125
34.106559,-117.712253,1385000,97.06466046,-0.6875,-2.3125
34.106559,-117.712253,1385000,97.85577455,-0.6875,-2.3125
34.106559,-117.712253,1385000,98.91958517,-0.6875,-2.3125
34.106559,-117.712253,1385000,100.9061054,-0.6875,-2.3125
34.106559,-117.712253,1385000,98.34781382,-0.6875,-2.3125
34.106559,-117.712253,1385000,99.61519106,-0.6875,-2.3125
34.106559,-117.712253,1385000,99.55304406,-0.6875,-2.3125
34.106559,-117.712253,1385000,98.1584275,-0.6875,-2.3125
34.106559,-117.712253,1385000,100.6782018,-0.6875,-2.3125
34.106559,-117.712253,1385000,101.208726,-0.6875,-2.3125
34.106559,-117.712253,1385000,99.31772541,-0.6875,-2.3125
34.106559,-117.712253,1385000,98.87198549,-0.6875,-2.3125
34.106559,-117.712253,1385000,95.86411975,-0.6875,-2.3125
34.106559,-117.712253,1385000,98.66052261,-0.6875,-2.3125
34.106559,-117.712253,1385000,96.82582096,-0.6875,-2.3125
34.106559,-117.712253,1385000,99.71471874,-0.6875,-2.3125
34.106559,-117.712253,1385000,96.7845177,-0.6875,-2.3125
34.106559,-117.712253,1385000,99.83500184,-0.6875,-2.3125
34.106559,-117.712253,1385000,97.58878431,-0.6875,-2.3125
34.106559,-117.712253,1385000,99.18142687,-0.6875,-2.3125
34.10655883,-117.7122528,1386000,99.09855924,-0.6875,-2.3125
34.10655883,-117.7122528,1386000,98.38055331,-0.6875,-2.3125
34.10655883,-117.7122528,1386000,98.12781682,-0.6875,-2.3125
34.10655883,-117.7122528,1386000,100.8125476,-0.6875,-2.3125
34.10655883,-117.7122528,1386000,99.23042104,-0.6875,-2.3125
34.10655883,-117.7122528,1386000,99.29106562,-0.6875,-2.3125
34.10655883,-117.7122528,1386000,99.35510602,-0.6875,-2.3125
34.10655883,-117.7122528,1386000,99.80247868,-0.6875,-2.3125
34.10655883,-117.7122528,1386000,98.88379035,-0.6875,-2.3125
34.10655883,-117.7122528,1386000,98.87149884,-0.6875,-2.3125
34.10655883,-117.7122528,1386000,99.64438147,-0.6875,-2.3125
34.10655883,-117.7122528,1386000,101.3215302,-0.6875,-2.3125
34.10655883,-117.7122528,1386000,97.36280154,-0.6875,-2.3125
34.10655883,-117.7122528,1386000,98.19681677,-0.6875,-2.3125
34.10655883,-117.7122528,1386000,101.3052143,-0.6875,-2.3125
34.10655883,-117.7122528,1386000,98.22640862,-0.6875,-2.3125
34.10655883,-117.7122528,1386000,100.5878886,-0.6875,-2.3125
34.10655883,-117.7122528,1386000,96.82154948,-0.6875,-2.3125
34.10655883,-117.7122528,1386000,100.9023416,-0.6875,-2.3125
34.10655883,-117.7122528,1386000,97.2118269,-0.6875,-2.3125
34.10655883,-117.7122528,1386000,99.18379029,-0.6875,-2.3125
34.10655883,-117.7122528,1386000,99.56964794,-0.6875,-2.3125
34.10655883,-117.7122528,1386000,100.679403,-0.6875,-2.3125
34.10655883,-117.7122528,1386000,99.0557167,-0.6875,-2.3125
34.10655883,-117.7122528,1386000,98.5120332,-0.6875,-2.3125
34.10655883,-117.7122528,1386000,100.0153617,-0.6875,-2.3125
34.10655883,-117.7122528,1386000,97.846997,-0.6875,-2.3125
34.10655883,-117.7122528,1386000,99.18609253,-0.6875,-2.3125
34.10655883,-117.7122528,1386000,99.56817436,-0.6875,-2.3125
34.10655883,-117.7122528,1386000,98.89984793,-0.6875,-2.3125
34.10655883,-117.7122528,1386000,98.85109246,-0.6875,-2.3125
34.10655883,-117.7122528,1386000,101.0162637,-0.6875,-2.3125
34.10655883,-117.7122528,1386000,98.45335989,-0.6875,-2.3125
34.10655883,-117.7122528,1386000,100.4984626,-0.6875,-2.3125
34.10655883,-117.7122528,1386000,100.5134333,-0.6875,-2.3125
34.10655883,-117.7122528,1386000,98.32749294,-0.6875,-2.3125
34.10655883,-117.7122528,1386000,98.01544842,-0.6875,-2.3125
34.10655883,-117.7122528,1386000,100.0425225,-0.6875,-2.3125
34.106558,-117.7122532,1387000,100.3569798,-0.6875,-2.3125
34.106558,-117.7122532,1387000,101.9241363,-0.6875,-2.3125
34.106558,-117.7122532,1387000,99.88599052,-0.6875,-2.3125
34.106558,-117.7122532,1387000,99.33195428,-0.6875,-2.3125
34.106558,-117.7122532,1387000,97.7461667,-0.6875,-2.3125
34.106558,-117.7122532,1387000,97.89735466,-0.6875,-2.3125
34.106558,-117.7122532,1387000,99.26579852,-0.6875,-2.3125
34.106558,-117.7122532,1387000,98.99830439,-0.6875,-2.3125
34.106558,-117.7122532,1387000,99.21236342,-0.6875,-2.3125
34.106558,-117.7122532,1387000,99.08633176,-0.6875,-2.3125
34.106558,-117.7122532,1387000,100.2510373,-0.6875,-2.3125
34.106558,-117.7122532,1387000,100.4780828,-0.6875,-2.3125
34.106558,-117.7122532,1387000,99.36841364,-0.6875,-2.3125
34.106558,-117.7122532,1387000,101.8970065,-0.6875,-2.3125
34.106558,-117.7122532,1387000,98.48609048,-0.6875,-2.3125
34.106558,-117.7122532,1387000,98.94722419,-0.6875,-2.3125
34.106558,-117.7122532,1387000,98.71597454,-0.6875,-2.3125
34.106558,-117.7122532,1387000,98.99008635,-0.6875,-2.3125
34.106558,-117.7122532,1387000,96.63365777,-0.6875,-2.3125
34.106558,-117.7122532,1387000,100.6105329,-0.6875,-2.3125
34.106558,-117.7122532,1387000,99.41721823,-0.6875,-2.3125
34.106558,-117.7122532,1387000,97.42848408,-0.6875,-2.3125
34.106558,-117.7122532,1387000,100.7652312,-0.6875,-2.3125
34.106558,-117.7122532,1387000,100.7493221,-0.6875,-2.3125
34.106558,-117.7122532,1387000,100.622785,-0.6875,-2.3125
34.106558,-117.7122532,1387000,100.340552,-0.6875,-2.3125
34.106558,-117.7122532,1387000,96.87832095,-0.6875,-2.3125
34.106558,-117.7122532,1387000,98.81801574,-0.6875,-2.3125
34.106558,-117.7122532,1387000,100.3969112,-0.6875,-2.3125
34.106558,-117.7122532,1387000,100.3213835,-0.6875,-2.3125
34.106558,-117.7122532,1387000,98.84690246,-0.6875,-2.3125
34.106558,-117.7122532,1387000,100.7754567,-0.6875,-2.3125
34.106558,-117.7122532,1387000,98.96847489,-0.6875,-2.3125
34.106558,-117.7122532,1387000,98.43348768,-0.6875,-2.3125
34.106558,-117.7122532,1387000,97.47573076,-0.6875,-2.3125
34.106558,-117.7122532,1387000,97.56557684,-0.6875,-2.3125
34.106558,-117.7122532,1387000,97.82088895,-0.6875,-2.3125
34.106558,-117.7122532,1387000,97.16857489,-0.6875,-2.3125
34.10655717,-117.7122538,1388000,99.37170062,-0.6875,-2.3125
34.10655717,-117.7122538,1388000,99.81784178,-0.6875,-2.3125
34.10655717,-117.7122538,1388000,102.7284252,-0.6875,-2.3125
34.10655717,-117.7122538,1388000,99.05701315,-0.6875,-2.3125
34.10655717,-117.7122538,1388000,100.0031874,-0.6875,-2.3125
34.10655717,-117.7122538,1388000,96.636962,-0.6875,-2.3125
34.10655717,-117.7122538,1388000,99.77662392,-0.6875,-2.3125
34.10655717,-117.7122538,1388000,100.1575993,-0.6875,-2.3125
34.10655717,-117.7122538,1388000,99.26803497,-0.6875,-2.3125
34.10655717,-117.7122538,1388000,99.62551554,-0.6875,-2.3125
34.10655717,-117.7122538,1388000,98.62997757,-0.6875,-2.3125
34.10655717,-117.7122538,1388000,99.13147831,-0.6875,-2.3125
34.10655717,-117.7122538,1388000,100.5122384,-0.6875,-2.3125
34.10655717,-117.7122538,1388000,100.1773772,-0.6875,-2.3125
34.10655717,-117.7122538,1388000,101.3577178,-0.6875,-2.3125
34.10655717,-117.7122538,1388000,97.58703321,-0.6875,-2.3125
34.10655717,-117.7122538,1388000,101.1787791,-0.6875,-2.3125
34.10655717,-117.7122538,1388000,98.21281614,-0.6875,-2.3125
34.10655717,-117.7122538,1388000,100.0460354,-0.6875,-2.3125
34.10655717,-117.7122538,1388000,100.4962636,-0.6875,-2.3125
34.10655717,-117.7122538,1388000,98.53234087,-0.6875,-2.3125
34.10655717,-117.7122538,1388000,100.8617556,-0.6875,-2.3125
34.10655717,-117.7122538,1388000,99.86706126,-0.6875,-2.3125
34.10655717,-117.7122538,1388000,99.68167481,-0.6875,-2.3125
34.10655717,-117.7122538,1388000,99.36207168,-0.6875,-2.3125
34.10655717,-117.7122538,1388000,97.39863732,-0.6875,-2.3125
34.10655717,-117.7122538,1388000,99.48027213,-0.6875,-2.3125
34.10655717,-117.7122538,1388000,99.28060851,-0.6875,-2.3125
34.10655717,-117.7122538,1388000,99.63278269,-0.6875,-2.3125
34.10655717,-117.7122538,1388000,96.34854653,-0.6875,-2.3125
34.10655717,-117.7122538,1388000,99.13932234,-0.6875,-2.3125
34.10655717,-117.7122538,1388000,96.78600663,-0.6875,-2.3125
34.10655717,-117.7122538,1388000,98.26963739,-0.6875,-2.3125
34.10655717,-117.7122538,1388000,99.00864073,-0.6875,-2.3125
34.10655717,-117.7122538,1388000,99.36929895,-0.6875,-2.3125
34.10655717,-117.7122538,1388000,98.16440177,-0.6875,-2.3125
34.10655717,-117.7122538,1388000,99.43893203,-0.6875,-2.3125
34.10655717,-117.7122538,1388000,97.73828192,-0.6875,-2.3125
34.1065565,-117.7122535,1389000,100.5472314,-0.6875,-2.3125
34.1065565,-117.7122535,1389000,101.0155024,-0.6875,-2.3125
34.1065565,-117.7122535,1389000,97.15977055,-0.6875,-2.3125
34.1065565,-117.7122535,1389000,100.5747937,-0.6875,-2.3125
34.1065565,-117.7122535,1389000,97.41108149,-0.6875,-2.3125
34.1065565,-117.7122535,1389000,98.77527392,-0.6875,-2.3125
34.1065565,-117.7122535,1389000,100.5302631,-0.6875,-2.3125
34.1065565,-117.7122535,1389000,99.1110115,-0.6875,-2.3125
34.1065565,-117.7122535,1389000,99.36931793,-0.6875,-2.3125
34.1065565,-117.7122535,1389000,101.3763305,-0.6875,-2.3125
34.1065565,-117.7122535,1389000,99.75118959,-0.6875,-2.3125
34.1065565,-117.7122535,1389000,99.49259045,-0.6875,-2.3125
34.1065565,-117.7122535,1389000,100.8344922,-0.6875,-2.3125
34.1065565,-117.7122535,1389000,99.17269038,-0.6875,-2.3125
34.1065565,-117.7122535,1389000,96.66639444,-0.6875,-2.3125
34.1065565,-117.7122535,1389000,100.1036274,-0.6875,-2.3125
34.1065565,-117.7122535,1389000,99.18700704,-0.6875,-2.3125
34.1065565,-117.7122535,1389000,97.40647794,-0.6875,-2.3125
34.1065565,-117.7122535,1389000,99.15284848,-0.6875,-2.3125
34.1065565,-117.7122535,1389000,100.2207308,-0.6875,-2.3125
34.1065565,-117.7122535,1389000,99.13611145,-0.6875,-2.3125
34.1065565,-117.7122535,1389000,99.31177282,-0.6875,-2.3125
34.1065565,-117.7122535,1389000,100.3729014,-0.6875,-2.3125
34.1065565,-117.7122535,1389000,100.2313129,-0.6875,-2.3125
34.1065565,-117.7122535,1389000,98.66024799,-0.6875,-2.3125
34.1065565,-117.7122535,1389000,99.26495083,-0.6875,-2.3125
34.1065565,-117.7122535,1389000,97.92103312,-0.6875,-2.3125
34.1065565,-117.7122535,1389000,97.92731873,-0.6875,-2.3125
34.1065565,-117.7122535,1389000,97.78775435,-0.6875,-2.3125
34.1065565,-117.7122535,1389000,100.3641109,-0.6875,-2.3125
34.1065565,-117.7122535,1389000,96.03342885,-0.6875,-2.3125
34.1065565,-117.7122535,1389000,97.6465928,-0.6875,-2.3125
34.1065565,-117.7122535,1389000,98.56851014,-0.6875,-2.3125
34.1065565,-117.7122535,1389000,99.7635906,-0.6875,-2.3125
34.1065565,-117.7122535,1389000,98.46663778,-0.6875,-2.3125
34.1065565,-117.7122535,1389000,99.3530256,-0.6875,-2.3125
34.1065565,-117.7122535,1389000,100.8724936,-0.6875,-2.3125
34.1065565,-117.7122535,1389000,98.49063113,-0.6875,-2.3125
34.1065565,-117.7122535,1389000,96.97542193,-0.6875,-2.3125
34.10655583,-117.7122538,1390000,96.79416463,-0.6875,-2.3125
34.10655583,-117.7122538,1390000,97.37809373,-0.6875,-2.3125
34.10655583,-117.7122538,1390000,99.78190474,-0.6875,-2.3125
34.10655583,-117.7122538,1390000,99.77449919,-0.6875,-2.3125
34.10655583,-117.7122538,1390000,100.4042234,-0.6875,-2.3125
34.10655583,-117.7122538,1390000,99.7103918,-0.6875,-2.3125
34.10655583,-117.7122538,1390000,100.4869977,-0.6875,-2.3125
34.10655583,-117.7122538,1390000,101.8531236,-0.6875,-2.3125
34.10655583,-117.7122538,1390000,98.78953098,-0.6875,-2.3125
34.10655583,-117.7122538,1390000,97.02827018,-0.6875,-2.3125
34.10655583,-117.7122538,1390000,98.7244879,-0.6875,-2.3125
34.10655583,-117.7122538,1390000,98.38777544,-0.6875,-2.3125
34.10655583,-117.7122538,1390000,99.3473589,-0.6875,-2.3125
34.10655583,-117.7122538,1390000,99.03817025,-0.6875,-2.3125
34.10655583,-117.7122538,1390000,99.89137948,-0.6875,-2.3125
34.10655583,-117.7122538,1390000,98.48479079,-0.6875,-2.3125
34.10655583,-117.7122538,1390000,99.25811443,-0.6875,-2.3125
34.10655583,-117.7122538,1390000,97.93103114,-0.6875,-2.3125
34.10655583,-117.7122538,1390000,94.31670479,-0.6875,-2.3125
34.10655583,-117.7122538,1390000,100.4415521,-0.6875,-2.3125
34.10655583,-117.7122538,1390000,97.69156849,-0.6875,-2.3125
34.10655583,-117.7122538,1390000,102.9101054,-0.6875,-2.3125
34.10655583,-117.7122538,1390000,100.6378373,-0.6875,-2.3125
34.10655583,-117.7122538,1390000,100.4611758,-0.6875,-2.3125
34.10655583,-117.7122538,1390000,97.36594336,-0.6875,-2.3125
34.10655583,-117.7122538,1390000,99.21242102,-0.6875,-2.3125
34.10655583,-117.7122538,1390000,99.1660381,-0.6875,-2.3125
34.10655583,-117.7122538,1390000,101.4139985,-0.6875,-2.3125
34.10655583,-117.7122538,1390000,100.8507912,-0.6875,-2.3125
34.10655583,-117.7122538,1390000,100.4090847,-0.6875,-2.3125
34.10655583,-117.7122538,1390000,99.67501212,-0.6875,-2.3125
34.10655583,-117.7122538,1390000,100.5674882,-0.6875,-2.3125
34.10655583,-117.7122538,1390000,100.109944,-0.6875,-2.3125
34.10655583,-117.7122538,1390000,97.71968127,-0.6875,-2.3125
34.10655583,-117.7122538,1390000,98.81627693,-0.6875,-2.3125
34.10655583,-117.7122538,1390000,98.93057015,-0.6875,-2.3125
34.10655583,-117.7122538,1390000,98.7062976,-0.6875,-2.3125
34.10655583,-117.7122538,1390000,99.2393193,-0.6875,-2.3125
34.10655583,-117.7122538,1390000,100.6547349,-0.6875,-2.3125
34.106556,-117.7122547,1391000,99.48370968,-0.6875,-2.3125
34.106556,-117.7122547,1391000,101.6372732,-0.6875,-2.3125
34.106556,-117.7122547,1391000,98.3012958,-0.6875,-2.3125
34.106556,-117.7122547,1391000,100.5537335,-0.6875,-2.3125
34.106556,-117.7122547,1391000,97.63899981,-0.6875,-2.3125
34.106556,-117.7122547,1391000,99.5843905,-0.6875,-2.3125
34.106556,-117.7122547,1391000,99.27551544,-0.6875,-2.3125
34.106556,-117.7122547,1391000,101.348755,-0.6875,-2.3125
34.106556,-117.7122547,1391000,97.4891875,-0.6875,-2.3125
34.106556,-117.7122547,1391000,99.69781977,-0.6875,-2.3125
34.106556,-117.7122547,1391000,100.3677708,-0.6875,-2.3125
34.106556,-117.7122547,1391000,99.01681519,-0.6875,-2.3125
34.106556,-117.7122547,1391000,98.12610905,-0.6875,-2.3125
34.106556,-117.7122547,1391000,100.3252156,-0.6875,-2.3125
34.106556,-117.7122547,1391000,97.57951564,-0.6875,-2.3125
34.106556,-117.7122547,1391000,98.78784509,-0.6875,-2.3125
34.106556,-117.7122547,1391000,100.6886583,-0.6875,-2.3125
34.106556,-117.7122547,1391000,100.2836107,-0.6875,-2.3125
34.106556,-117.7122547,1391000,99.16725143,-0.6875,-2.3125
34.106556,-117.7122547,1391000,98.65248317,-0.6875,-2.3125
34.106556,-117.7122547,1391000,98.89556861,-0.6875,-2.3125
34.106556,-117.7122547,1391000,96.86549185,-0.6875,-2.3125
34.106556,-117.7122547,1391000,100.3228357,-0.6875,-2.3125
34.106556,-117.7122547,1391000,98.66266517,-0.6875,-2.3125
34.106556,-117.7122547,1391000,99.3166905,-0.6875,-2.3125
34.106556,-117.7122547,1391000,98.48376965,-0.6875,-2.3125
34.106556,-117.7122547,1391000,98.87542444,-0.6875,-2.3125
34.106556,-117.7122547,1391000,98.52417808,-0.6875,-2.3125
34.106556,-117.7122547,1391000,101.1545604,-0.6875,-2.3125
34.106556,-117.7122547,1391000,102.7364795,-0.6875,-2.3125
34.106556,-117.7122547,1391000,99.35744509,-0.6875,-2.3125
34.106556,-117.7122547,1391000,99.48812404,-0.6875,-2.3125
34.106556,-117.7122547,1391000,99.07982254,-0.6875,-2.3125
34.106556,-117.7122547,1391000,100.6514882,-0.6875,-2.3125
34.106556,-117.7122547,1391000,99.38365097,-0.6875,-2.3125
34.106556,-117.7122547,1391000,98.63429378,-0.6875,-2.3125
34.106556,-117.7122547,1391000,100.6798393,-0.6875,-2.3125
34.106556,-117.7122547,1391000,97.99154499,-0.6875,-2.3125
34.10655683,-117.7122552,1392000,98.00433824,-0.6875,-2.3125
34.10655683,-117.7122552,1392000,97.05803316,-0.6875,-2.3125
34.10655683,-117.7122552,1392000,102.0947737,-0.6875,-2.3125
34.10655683,-117.7122552,1392000,99.06887273,-0.6875,-2.3125
34.10655683,-117.7122552,1392000,97.62660926,-0.6875,-2.3125
34.10655683,-117.7122552,1392000,99.38630468,-0.6875,-2.3125
34.10655683,-117.7122552,1392000,99.08059288,-0.6875,-2.3125
34.10655683,-117.7122552,1392000,100.2134836,-0.6875,-2.3125
34.10655683,-117.7122552,1392000,98.91830718,-0.6875,-2.3125
34.10655683,-117.7122552,1392000,99.72678362,-0.6875,-2.3125
34.10655683,-117.7122552,1392000,100.2932052,-0.6875,-2.3125
34.10655683,-117.7122552,1392000,99.7248203,-0.6875,-2.3125
34.10655683,-117.7122552,1392000,98.01522925,-0.6875,-2.3125
34.10655683,-117.7122552,1392000,98.55166388,-0.6875,-2.3125
34.10655683,-117.7122552,1392000,99.37645904,-0.6875,-2.3125
34.10655683,-117.7122552,1392000,100.6984629,-0.6875,-2.3125
34.10655683,-117.7122552,1392000,100.5460847,-0.6875,-2.3125
34.10655683,-117.7122552,1392000,100.1597126,-0.6875,-2.3125
34.10655683,-117.7122552,1392000,97.86064981,-0.6875,-2.3125
34.10655683,-117.7122552,1392000,99.69044639,-0.6875,-2.3125
34.10655683,-117.7122552,1392000,98.54690072,-0.6875,-2.3125
34.10655683,-117.7122552,1392000,97.43348148,-0.6875,-2.3125
34.10655683,-117.7122552,1392000,97.6472984,-0.6875,-2.3125
34.10655683,-117.7122552,1392000,99.80497648,-0.6875,-2.3125
34.10655683,-117.7122552,1392000,100.9149712,-0.6875,-2.3125
34.10655683,-117.7122552,1392000,101.4200062,-0.6875,-2.3125
34.10655683,-117.7122552,1392000,100.0796457,-0.6875,-2.3125
34.10655683,-117.7122552,1392000,99.2407402,-0.6875,-2.3125
34.10655683,-117.7122552,1392000,98.55657276,-0.6875,-2.3125
34.10655683,-117.7122552,1392000,99.57399414,-0.6875,-2.3125
34.10655683,-117.7122552,1392000,100.4256259,-0.6875,-2.3125
34.10655683,-117.7122552,1392000,99.91142013,-0.6875,-2.3125
34.10655683,-117.7122552,1392000,99.08490565,-0.6875,-2.3125
34.10655683,-117.7122552,1392000,100.2291386,-0.6875,-2.3125
34.10655683,-117.7122552,1392000,98.47889264,-0.6875,-2.3125
34.10655683,-117.7122552,1392000,96.5629999,-0.6875,-2.3125
34.10655683,-117.7122552,1392000,98.84176412,-0.6875,-2.3125
34.10655683,-117.7122552,1392000,100.0809176,-0.6875,-2.3125
34.10655683,-117.7122552,1392000,99.64212595,-0.6875,-2.3125
34.10655783,-117.7122562,1393000,101.0616496,-0.6875,-2.3125
34.10655783,-117.7122562,1393000,99.24789199,-0.6875,-2.3125
34.10655783,-117.7122562,1393000,99.51433249,-0.6875,-2.3125
34.10655783,-117.7122562,1393000,98.0618094,-0.6875,-2.3125
34.10655783,-117.7122562,1393000,98.23912629,-0.6875,-2.3125
34.10655783,-117.7122562,1393000,103.1533637,-0.6875,-2.3125
34.10655783,-117.7122562,1393000,99.15489588,-0.6875,-2.3125
34.10655783,-117.7122562,1393000,99.44131264,-0.6875,-2.3125
34.10655783,-117.7122562,1393000,101.731684,-0.6875,-2.3125
34.10655783,-117.7122562,1393000,100.5966803,-0.6875,-2.3125
34.10655783,-117.7122562,1393000,97.14755918,-0.6875,-2.3125
34.10655783,-117.7122562,1393000,99.44135109,-0.6875,-2.3125
34.10655783,-117.7122562,1393000,99.75080184,-0.6875,-2.3125
34.10655783,-117.7122562,1393000,98.96662924,-0.6875,-2.3125
34.10655783,-117.7122562,1393000,99.43305838,-0.6875,-2.3125
34.10655783,-117.7122562,1393000,99.29085296,-0.6875,-2.3125
34.10655783,-117.7122562,1393000,99.12067809,-0.6875,-2.3125
34.10655783,-117.7122562,1393000,99.90659999,-0.6875,-2.3125
34.10655783,-117.7122562,1393000,100.2006436,-0.6875,-2.3125
34.10655783,-117.7122562,1393000,100.1844629,-0.6875,-2.3125
34.10655783,-117.7122562,1393000,100.197107,-0.6875,-2.3125
34.10655783,-117.7122562,1393000,96.98931863,-0.6875,-2.3125
34.10655783,-117.7122562,1393000,101.0853421,-0.6875,-2.3125
34.10655783,-117.7122562,1393000,98.89532869,-0.6875,-2.3125
34.10655783,-117.7122562,1393000,101.4953246,-0.6875,-2.3125
34.10655783,-117.7122562,1393000,101.1839292,-0.6875,-2.3125
34.10655783,-117.7122562,1393000,100.1124141,-0.6875,-2.3125
34.10655783,-117.7122562,1393000,99.00353171,-0.6875,-2.3125
34.10655783,-117.7122562,1393000,99.91432577,-0.6875,-2.3125
34.10655783,-117.7122562,1393000,98.61607411,-0.6875,-2.3125
34.10655783,-117.7122562,1393000,99.05109778,-0.6875,-2.3125
34.10655783,-117.7122562,1393000,101.0223117,-0.6875,-2.3125
34.10655783,-117.7122562,1393000,102.0674798,-0.6875,-2.3125
34.10655783,-117.7122562,1393000,99.71756262,-0.6875,-2.3125
34.10655783,-117.7122562,1393000,99.56688938,-0.6875,-2.3125
34.10655783,-117.7122562,1393000,98.9100112,-0.6875,-2.3125
34.10655783,-117.7122562,1393000,99.33823118,-0.6875,-2.3125
34.10655783,-117.712256,1394000,97.67985604,-0.6875,-2.3125
34.10655783,-117.712256,1394000,99.82286982,-0.6875,-2.3125
34.10655783,-117.712256,1394000,98.99994831,-0.6875,-2.3125
34.10655783,-117.712256,1394000,100.0394321,-0.6875,-2.3125
34.10655783,-117.712256,1394000,99.08301354,-0.6875,-2.3125
34.10655783,-117.712256,1394000,99.3033271,-0.6875,-2.3125
34.10655783,-117.712256,1394000,99.82978164,-0.6875,-2.3125
34.10655783,-117.712256,1394000,99.75362284,-0.6875,-2.3125
34.10655783,-117.712256,1394000,97.73100444,-0.6875,-2.3125
34.10655783,-117.712256,1394000,98.88994527,-0.6875,-2.3125
34.10655783,-117.712256,1394000,99.61390411,-0.6875,-2.3125
34.10655783,-117.712256,1394000,97.57878768,-0.6875,-2.3125
34.10655783,-117.712256,1394000,99.01267478,-0.6875,-2.3125
34.10655783,-117.712256,1394000,99.31402628,-0.6875,-2.3125
34.10655783,-117.712256,1394000,98.96845041,-0.6875,-2.3125
34.10655783,-117.712256,1394000,99.10476685,-0.6875,-2.3125
34.10655783,-117.712256,1394000,99.28453971,-0.6875,-2.3125
34.10655783,-117.712256,1394000,99.40976767,-0.6875,-2.3125
34.10655783,-117.712256,1394000,100.4938142,-0.6875,-2.3125
34.10655783,-117.712256,1394000,102.3188448,-0.6875,-2.3125
34.10655783,-117.712256,1394000,97.79460938,-0.6875,-2.3125
34.10655783,-117.712256,1394000,97.79499937,-0.6875,-2.3125
34.10655783,-117.712256,1394000,99.5766111,-0.6875,-2.3125
34.10655783,-117.712256,1394000,99.64805093,-0.6875,-2.3125
34.10655783,-117.712256,1394000,99.1539891,-0.6875,-2.3125
34.10655783,-117.712256,1394000,99.4837189,-0.6875,-2.3125
34.10655783,-117.712256,1394000,97.80924122,-0.6875,-2.3125
34.10655783,-117.712256,1394000,99.13133778,-0.6875,-2.3125
34.10655783,-117.712256,1394000,100.561659,-0.6875,-2.3125
34.10655783,-117.712256,1394000,99.73971678,-0.6875,-2.3125
34.10655783,-117.712256,1394000,98.99009717,-0.6875,-2.3125
34.10655783,-117.712256,1394000,100.1834736,-0.6875,-2.3125
34.10655783,-117.712256,1394000,98.9493704,-0.6875,-2.3125
34.10655783,-117.712256,1394000,98.05470742,-0.6875,-2.3125
34.10655783,-117.712256,1394000,97.75702712,-0.6875,-2.3125
34.10655783,-117.712256,1394000,99.54349225,-0.6875,-2.3125
34.10655783,-117.712256,1394000,100.005913,-0.6875,-2.3125
34.10655783,-117.712256,1394000,102.1007321,-0.6875,-2.3125
34.10655783,-117.712256,1394000,97.08828229,-0.6875,-2.3125
34.10655783,-117.712256,1394000,100.9424702,-0.6875,-2.3125
34.10655983,-117.712257,1395000,98.93303085,-0.6875,-2.3125
34.10655983,-117.712257,1395000,97.8887211,-0.6875,-2.3125
34.10655983,-117.712257,1395000,97.93596425,-0.6875,-2.3125
34.10655983,-117.712257,1395000,99.11399931,-0.6875,-2.3125
34.10655983,-117.712257,1395000,99.74781532,-0.6875,-2.3125
34.10655983,-117.712257,1395000,97.8050257,-0.6875,-2.3125
34.10655983,-117.712257,1395000,97.99560214,-0.6875,-2.3125
34.10655983,-117.712257,1395000,96.31322311,-0.6875,-2.3125
34.10655983,-117.712257,1395000,99.50373052,-0.6875,-2.3125
34.10655983,-117.712257,1395000,98.69582911,-0.6875,-2.3125
34.10655983,-117.712257,1395000,97.89383259,-0.6875,-2.3125
34.10655983,-117.712257,1395000,98.13091353,-0.6875,-2.3125
34.10655983,-117.712257,1395000,99.7750048,-0.6875,-2.3125
34.10655983,-117.712257,1395000,100.5679627,-0.6875,-2.3125
34.10655983,-117.712257,1395000,100.4493649,-0.6875,-2.3125
34.10655983,-117.712257,1395000,98.3986742,-0.6875,-2.3125
34.10655983,-117.712257,1395000,98.63856622,-0.6875,-2.3125
34.10655983,-117.712257,1395000,97.07628711,-0.6875,-2.3125
34.10655983,-117.712257,1395000,99.96534421,-0.6875,-2.3125
34.10655983,-117.712257,1395000,99.97824999,-0.6875,-2.3125
34.10655983,-117.712257,1395000,97.80417448,-0.6875,-2.3125
34.10655983,-117.712257,1395000,100.6508614,-0.6875,-2.3125
34.10655983,-117.712257,1395000,96.524496,-0.6875,-2.3125
34.10655983,-117.712257,1395000,100.9824918,-0.6875,-2.3125
34.10655983,-117.712257,1395000,96.66620807,-0.6875,-2.3125
34.10655983,-117.712257,1395000,99.77019829,-0.6875,-2.3125
34.10655983,-117.712257,1395000,97.92692758,-0.6875,-2.3125
34.10655983,-117.712257,1395000,99.27272987,-0.6875,-2.3125
34.10655983,-117.712257,1395000,98.32036512,-0.6875,-2.3125
34.10655983,-117.712257,1395000,99.65466171,-0.6875,-2.3125
34.10655983,-117.712257,1395000,103.6467085,-0.6875,-2.3125
34.10655983,-117.712257,1395000,98.15557443,-0.6875,-2.3125
34.10655983,-117.712257,1395000,97.86917249,-0.6875,-2.3125
34.10655983,-117.712257,1395000,97.92031101,-0.6875,-2.3125
34.10655983,-117.712257,1395000,100.8325318,-0.6875,-2.3125
34.10655983,-117.712257,1395000,96.2293113,-0.6875,-2.3125
34.10655983,-117.712257,1395000,100.1565481,-0.6875,-2.3125
34.10655983,-117.712257,1395000,98.9747943,-0.6875,-2.3125
34.10656233,-117.7122582,1396000,98.97927844,-0.6875,-2.3125
34.10656233,-117.7122582,1396000,99.50038025,-0.6875,-2.3125
34.10656233,-117.7122582,1396000,99.03409765,-0.6875,-2.3125
34.10656233,-117.7122582,1396000,97.619922,-0.6875,-2.3125
34.10656233,-117.7122582,1396000,101.2775487,-0.6875,-2.3125
34.10656233,-117.7122582,1396000,100.2504733,-0.6875,-2.3125
34.10656233,-117.7122582,1396000,97.68639245,-0.6875,-2.3125
34.10656233,-117.7122582,1396000,97.35881221,-0.6875,-2.3125
34.10656233,-117.7122582,1396000,99.90826839,-0.6875,-2.3125
34.10656233,-117.7122582,1396000,99.15666278,-0.6875,-2.3125
34.10656233,-117.7122582,1396000,97.96401095,-0.6875,-2.3125
34.10656233,-117.7122582,1396000,98.51069805,-0.6875,-2.3125
34.10656233,-117.7122582,1396000,98.87572246,-0.6875,-2.3125
34.10656233,-117.7122582,1396000,98.82109761,-0.6875,-2.3125
34.10656233,-117.7122582,1396000,97.11812173,-0.6875,-2.3125
34.10656233,-117.7122582,1396000,98.57785409,-0.6875,-2.3125
34.10656233,-117.7122582,1396000,99.71877861,-0.6875,-2.3125
34.10656233,-117.7122582,1396000,99.95748493,-0.6875,-2.3125
34.10656233,-117.7122582,1396000,98.86866457,-0.6875,-2.3125
34.10656233,-117.7122582,1396000,100.6148624,-0.6875,-2.3125
34.10656233,-117.7122582,1396000,98.43432844,-0.6875,-2.3125
34.10656233,-117.7122582,1396000,98.83883058,-0.6875,-2.3125
34.10656233,-117.7122582,1396000,97.06997746,-0.6875,-2.3125
34.10656233,-117.7122582,1396000,99.53172154,-0.6875,-2.3125
34.10656233,-117.7122582,1396000,98.57661642,-0.6875,-2.3125
34.10656233,-117.7122582,1396000,99.81285756,-0.6875,-2.3125
34.10656233,-117.7122582,1396000,100.2946248,-0.6875,-2.3125
34.10656233,-117.7122582,1396000,99.26647963,-0.6875,-2.3125
34.10656233,-117.7122582,1396000,99.57591664,-0.6875,-2.3125
34.10656233,-117.7122582,1396000,98.5149046,-0.6875,-2.3125
34.10656233,-117.7122582,1396000,98.50321917,-0.6875,-2.3125
34.10656233,-117.7122582,1396000,97.19595023,-0.6875,-2.3125
34.10656233,-117.7122582,1396000,98.78704256,-0.6875,-2.3125
34.10656233,-117.7122582,1396000,97.97132651,-0.6875,-2.3125
34.10656233,-117.7122582,1396000,101.0625176,-0.6875,-2.3125
34.10656233,-117.7122582,1396000,100.5870504,-0.6875,-2.3125
34.10656233,-117.7122582,1396000,101.3728884,-0.6875,-2.3125
34.10656233,-117.7122582,1396000,99.87352722,-0.6875,-2.3125
34.10656233,-117.7122582,1396000,99.82914677,-0.6875,-2.3125
34.10656417,-117.7122598,1397000,98.46974656,-0.6875,-2.3125
34.10656417,-117.7122598,1397000,98.88425617,-0.6875,-2.3125
34.10656417,-117.7122598,1397000,100.5636195,-0.6875,-2.3125
34.10656417,-117.7122598,1397000,99.38530231,-0.6875,-2.3125
34.10656417,-117.7122598,1397000,100.0222696,-0.6875,-2.3125
34.10656417,-117.7122598,1397000,100.5974489,-0.6875,-2.3125
34.10656417,-117.7122598,1397000,99.89272845,-0.6875,-2.3125
34.10656417,-117.7122598,1397000,99.97436429,-0.6875,-2.3125
34.10656417,-117.7122598,1397000,98.49689416,-0.6875,-2.3125
34.10656417,-117.7122598,1397000,99.81129456,-0.6875,-2.3125
34.10656417,-117.7122598,1397000,100.214623,-0.6875,-2.3125
34.10656417,-117.7122598,1397000,98.36119785,-0.6875,-2.3125
34.10656417,-117.7122598,1397000,99.26606529,-0.6875,-2.3125
34.10656417,-117.7122598,1397000,99.61447192,-0.6875,-2.3125
34.10656417,-117.7122598,1397000,103.3532234,-0.6875,-2.3125
34.10656417,-117.7122598,1397000,100.6928117,-0.6875,-2.3125
34.10656417,-117.7122598,1397000,100.1909034,-0.6875,-2.3125
34.10656417,-117.7122598,1397000,98.47931131,-0.6875,-2.3125
34.10656417,-117.7122598,1397000,99.05885191,-0.6875,-2.3125
34.10656417,-117.7122598,1397000,98.16549294,-0.6875,-2.3125
34.10656417,-117.7122598,1397000,98.63624647,-0.6875,-2.3125
34.10656417,-117.7122598,1397000,96.75639122,-0.6875,-2.3125
34.10656417,-117.7122598,1397000,99.42795877,-0.6875,-2.3125
34.10656417,-117.7122598,1397000,99.79891676,-0.6875,-2.3125
34.10656417,-117.7122598,1397000,99.75556667,-0.6875,-2.3125
34.10656417,-117.7122598,1397000,97.82713907,-0.6875,-2.3125
34.10656417,-117.7122598,1397000,98.47658815,-0.6875,-2.3125
34.10656417,-117.7122598,1397000,100.6421463,-0.6875,-2.3125
34.10656417,-117.7122598,1397000,97.76802094,-0.6875,-2.3125
34.10656417,-117.7122598,1397000,98.69623478,-0.6875,-2.3125
34.10656417,-117.7122598,1397000,100.9526222,-0.6875,-2.3125
34.10656417,-117.7122598,1397000,100.402777,-0.6875,-2.3125
34.10656417,-117.7122598,1397000,99.33374757,-0.6875,-2.3125
34.10656417,-117.7122598,1397000,98.86290923,-0.6875,-2.3125
34.10656417,-117.7122598,1397000,98.93513539,-0.6875,-2.3125
34.10656417,-117.7122598,1397000,98.42094702,-0.6875,-2.3125
34.10656417,-117.7122598,1397000,98.70969509,-0.6875,-2.3125
34.10656417,-117.7122598,1397000,98.17781932,-0.6875,-2.3125
34.10656417,-117.7122598,1397000,101.242033,-0.6875,-2.3125
34.10656617,-117.7122615,1398000,98.55647017,-0.6875,-2.3125
34.10656617,-117.7122615,1398000,97.78774577,-0.6875,-2.3125
34.10656617,-117.7122615,1398000,100.0118718,-0.6875,-2.3125
34.10656617,-117.7122615,1398000,100.4329872,-0.6875,-2.3125
34.10656617,-117.7122615,1398000,99.16158056,-0.6875,-2.3125
34.10656617,-117.7122615,1398000,96.71632923,-0.6875,-2.3125
34.10656617,-117.7122615,1398000,101.2244531,-0.6875,-2.3125
